sample_id,AU01_mean,AU01_std,AU01_min,AU01_max,AU01_median,AU02_mean,AU02_std,AU02_min,AU02_max,AU02_median,AU04_mean,AU04_std,AU04_min,AU04_max,AU04_median,AU05_mean,AU05_std,AU05_min,AU05_max,AU05_median,AU06_mean,AU06_std,AU06_min,AU06_max,AU06_median,AU07_mean,AU07_std,AU07_min,AU07_max,AU07_median,AU09_mean,AU09_std,AU09_min,AU09_max,AU09_median,AU10_mean,AU10_std,AU10_min,AU10_max,AU10_median,AU11_mean,AU11_std,AU11_min,AU11_max,AU11_median,AU12_mean,AU12_std,AU12_min,AU12_max,AU12_median,AU14_mean,AU14_std,AU14_min,AU14_max,AU14_median,AU15_mean,AU15_std,AU15_min,AU15_max,AU15_median,AU17_mean,AU17_std,AU17_min,AU17_max,AU17_median,AU20_mean,AU20_std,AU20_min,AU20_max,AU20_median,AU23_mean,AU23_std,AU23_min,AU23_max,AU23_median,AU24_mean,AU24_std,AU24_min,AU24_max,AU24_median,AU25_mean,AU25_std,AU25_min,AU25_max,AU25_median,AU26_mean,AU26_std,AU26_min,AU26_max,AU26_median,AU28_mean,AU28_std,AU28_min,AU28_max,AU28_median,AU43_mean,AU43_std,AU43_min,AU43_max,AU43_median,anger_mean,anger_std,anger_min,anger_max,anger_median,disgust_mean,disgust_std,disgust_min,disgust_max,disgust_median,fear_mean,fear_std,fear_min,fear_max,fear_median,happiness_mean,happiness_std,happiness_min,happiness_max,happiness_median,sadness_mean,sadness_std,sadness_min,sadness_max,sadness_median,surprise_mean,surprise_std,surprise_min,surprise_max,surprise_median,neutral_mean,neutral_std,neutral_min,neutral_max,neutral_median,video_id,clip_id
Aditiya,0.4968589044810543,0.0524809174551936,0.34949934,0.6548141,0.495577,0.2631316177594728,0.0523267925774942,0.13013932,0.61873347,0.25777,0.3262216283459637,0.1084777202928394,0.09698721,0.719864,0.31691357,0.3601843917792422,0.0645121356190569,0.22013932,0.74462867,0.36689284,0.3068788725370675,0.1032098116861067,0.12549572,0.6150036,0.2960931,0.2257001647446458,0.4183873594621718,0.0,1.0,0.0,0.2078221004777594,0.0606859212202682,0.125041,0.5064589,0.19249481,0.0154754550431482,0.0429504916506506,7.747159e-05,0.49838448,0.0051686135,0.8270181219110379,0.3785435498631587,0.0,1.0,1.0,0.1119801353756178,0.0663474214120475,0.03932632,0.62811273,0.0936911,0.158084498583196,0.0768735446387269,0.031684104,0.44031036,0.14495182,0.204411856985173,0.095234984599882,0.034432538,0.7247194,0.18459228,0.4401032224382207,0.071264006307069,0.30045444,0.65714324,0.42198467,0.0016474464579901,0.0405887479234099,0.0,1.0,0.0,0.2265107854827018,0.0623123282010581,0.10263228,0.6753993,0.21986873,0.2983522079588138,0.1037651737010415,0.030799141,0.677391,0.27578074,0.6746061364859967,0.2117900181962324,0.047008347,0.9845546,0.70965564,0.2810802208912685,0.1128201206845117,0.0506609,0.717339,0.26722074,0.129862018583196,0.0816588946790554,0.014894102,0.49829292,0.11194672,0.1364846603525535,0.197180074561459,0.028963653,0.90428746,0.07491804,0.0002708231858797,0.0021906801623029,3.3844895e-05,0.053793516,0.00012772882,4.210723249060956e-05,0.0001347406450349,6.533242e-06,0.0027622054,2.4876086e-05,0.0001652661927817,0.0012642447608418,6.816682e-06,0.026456747,6.5707296e-05,0.0031382552742339,0.0076795814323588,0.00025578414,0.14274952,0.0014314735,0.0016447861617298,0.0021310227714601,0.00052391493,0.047647316,0.0012732017,0.0120514112183097,0.0226824501389198,6.3702464e-05,0.45116046,0.0063578696,0.9826873538385504,0.0273812100656485,0.45462698,0.9977112,0.98949146,Aditiya,1
Aditiya,0.5033099940691927,0.0684610351807133,0.23603003,0.68691075,0.50547516,0.2503173443476112,0.0638999329471606,0.114786774,0.51463556,0.24392438,0.2626810759637562,0.1251298121521492,0.035889372,0.7389123,0.24128039,0.3483214434596375,0.0601418051961823,0.21204078,0.70532453,0.35099235,0.2919853606589785,0.1426134355102686,0.09831854,0.87971455,0.24209899,0.1630971993410214,0.3697590359438296,0.0,1.0,0.0,0.2024694177759473,0.0721249387491307,0.12132558,0.4936572,0.17474009,0.0258652350585008,0.0906994043223081,4.385808e-05,0.80135775,0.0032253575,0.8253706754530478,0.3799628512283396,0.0,1.0,1.0,0.1402168548039538,0.1893022775818468,0.032401145,0.97208554,0.08575742,0.1434964696342669,0.1070231664633336,0.035126694,0.5776855,0.10278991,0.2348850831021416,0.1365554008585649,0.03912651,0.87034565,0.20500216,0.4442087279901153,0.0850102844157018,0.3017038,0.75348467,0.42704374,0.0,0.0,0.0,0.0,0.0,0.2459131565897858,0.0757196247390724,0.11053255,0.61883837,0.233163,0.2617422273887974,0.1201517763416731,0.07852174,0.74555254,0.22971846,0.584732279386491,0.2473823764893479,0.0046010776,0.9796489,0.6236141,0.2485046307940692,0.1140822498030357,0.04059834,0.62969595,0.22550651,0.1586365823995057,0.0897272442119717,0.006929231,0.63560265,0.14412844,0.1301704095799011,0.2068508183354948,0.022158446,0.90880644,0.05621422,0.0002344907165848,0.000256704339781,2.723882e-05,0.0024817246,0.00014791143,0.0007310547545988,0.0050446900467906,7.308306e-06,0.09985686,3.0244597e-05,0.0003989158359621,0.0018467778938116,9.938085e-06,0.022183694,5.851936e-05,0.0422957753113509,0.1700277263298815,0.0003049172,0.95211345,0.0016412893,0.0020013431969357,0.0014696357928614,0.0005546657,0.015242125,0.0015423053,0.0117955949712948,0.0525851663732711,9.385305e-05,0.5912437,0.0023871805,0.9425428248352552,0.1962457513981278,0.03383265,0.99754864,0.99326175,Aditiya,2
Aditiya,0.4914098991433279,0.0910069763988902,0.20152771,0.6724217,0.5096381,0.3172893907413509,0.0775305203837208,0.15113755,0.67161083,0.31103873,0.2054632546523888,0.0923461257412072,0.023566771,0.50400555,0.20202796,0.3424227145799011,0.0557640420674808,0.21058409,0.5269066,0.34169582,0.5582933924711697,0.1585339264081434,0.12422785,0.91195333,0.5522969,0.0823723228995057,0.2751578720412073,0.0,1.0,0.0,0.2644104327512355,0.052083085439167,0.16344842,0.5733238,0.25589183,0.1337515557984349,0.171718167384054,0.00022554361,0.97725713,0.06154729,0.828665568369028,0.3771116981153076,0.0,1.0,1.0,0.5570187680313015,0.2963015594726657,0.05329281,0.97309023,0.56440294,0.3898739023393739,0.1107675056826367,0.10545571,0.7267921,0.37509406,0.3142668108072488,0.1464449030058207,0.051366813,0.8881844,0.28646293,0.6097827845963757,0.0605210585243068,0.38501093,0.74284524,0.62077004,0.0032948929159802,0.0573537775474044,0.0,1.0,0.0,0.3173726026359143,0.0989971122298944,0.11365145,0.86967945,0.30533028,0.4217339300247117,0.1750361261016542,0.07359792,0.7975525,0.4250636,0.553087153029654,0.2679134914554461,0.0008618581,0.99150264,0.58855927,0.1940506144102141,0.0846153252059251,0.06294577,0.8503042,0.17655708,0.1018633790247117,0.0927552541582045,0.008286718,0.842138,0.07679909,0.1530399198385502,0.2188858194466966,0.015656505,0.9262311,0.05865658,0.0017364195263459,0.008593947984827,4.0867806e-05,0.09917369,0.0003262571,0.0054330696499324,0.0334074603210246,3.9290822e-05,0.6968351,0.0005723896,0.0070974348551087,0.0423306320078119,1.4853478e-05,0.65955865,0.000273561,0.2233478576471993,0.3039545685946337,0.00017639749,0.9658731,0.06506484,0.0102811067327512,0.0513608061856904,0.00055768323,0.9023716,0.0026244228,0.0131651095568039,0.0384067597542514,0.00012178441,0.75548905,0.004378857,0.7389390011449752,0.3364604520411213,0.0018198245,0.99434495,0.9179904,Aditiya,3
Aditiya,0.4122047242174629,0.1082298169059016,0.20544109,0.69967467,0.40918154,0.2973063505107084,0.0493624932073515,0.15217516,0.46302167,0.2936627,0.1603965710313014,0.112737034071594,0.020356778,0.5233317,0.110620745,0.320637816952224,0.0514759576483623,0.21236117,0.43663785,0.3181103,0.6777843691598023,0.1222567862173755,0.21882612,0.88012403,0.72242314,0.1565074135090609,0.3636353750682884,0.0,1.0,0.0,0.2573413551400329,0.039407069211006,0.15633884,0.4537164,0.25103045,0.3823277533698517,0.2975196914871049,0.0013195109,0.9787291,0.3169446,0.8237232289950577,0.3813697423329676,0.0,1.0,1.0,0.8382246882042833,0.1266634603494551,0.09569515,0.9761513,0.89564145,0.4682906234925865,0.0946467498776856,0.18988161,0.8161574,0.4669998,0.4642668344975288,0.1421606948429698,0.0808456,0.8087389,0.45843822,0.6482267477924217,0.0511618810903058,0.21896785,0.75347054,0.6528792,0.0115321252059308,0.1068547881400095,0.0,1.0,0.0,0.3506114305271828,0.0840281919524605,0.17486714,0.7180711,0.34433302,0.6112968071581549,0.1246232554453874,0.011873355,0.8319154,0.6363933,0.3437451573657331,0.2398309302891944,0.01078409,0.9993893,0.30352908,0.1893377204744646,0.068494587903024,0.06376472,0.6807537,0.17910482,0.1123533483385502,0.0759758164254523,0.012845656,0.8878882,0.094884016,0.1221849749555189,0.1524632208789276,0.015442485,0.9008796,0.07698577,0.0005419094995799,0.001263623357147,0.00010390374,0.030599145,0.00039746103,0.0024025857342174,0.0021760484694156,0.00021282917,0.018131753,0.0016253348,0.0021280188217133,0.0350278003362714,7.420282e-05,0.8631103,0.00043912776,0.5840115066278418,0.4041510812714456,0.0004434781,0.996718,0.87615156,0.0050198970532224,0.0373955886301705,7.764252e-05,0.915025,0.0027953156,0.0059682470455024,0.0062030156874164,0.00019714377,0.06555254,0.00394857,0.3999278341571664,0.4045571785259357,0.0014517672,0.9669737,0.10185377,Aditiya,4
Aditiya,0.4738217651400329,0.0733553668212771,0.19022758,0.7266178,0.4786859,0.2782852799341021,0.0696889448350784,0.12816934,0.533825,0.2673219,0.2211927867215815,0.1112364281293831,0.025256943,0.6237977,0.19974351,0.346578792553542,0.0724904851495256,0.21004893,0.7311573,0.34379765,0.5172824277924217,0.1349241287096708,0.21123548,0.8775627,0.48961163,0.2273476112026359,0.4194645920498631,0.0,1.0,0.0,0.2424394889126853,0.0586132968456268,0.13630804,0.5188044,0.23081262,0.1237046914021087,0.1726631787339857,0.0003617147,0.88701946,0.05137985,0.8533772652388797,0.3540211639136554,0.0,1.0,1.0,0.4239706178583196,0.2645282893237367,0.06834449,0.96943337,0.33297825,0.3228970741153212,0.1363363530094991,0.0718781,0.80478245,0.30176565,0.3308404832471169,0.1485629843853331,0.07330497,0.8406427,0.29758984,0.5347699866556836,0.0857836046791396,0.3239517,0.74636286,0.52887446,0.0214168039538715,0.1448886083378262,0.0,1.0,0.0,0.3020018208401976,0.0826105410966857,0.11906866,0.7892302,0.29281622,0.3394524162306425,0.1583100990859225,0.051635996,0.7654755,0.29056764,0.6925186723530479,0.2460901498036264,0.0032963303,0.9948573,0.7660451,0.2370927833228995,0.1135545656111299,0.052333836,0.77467453,0.21251875,0.1127077976655683,0.0676018357142384,0.010777403,0.5848487,0.09896295,0.1389590119324547,0.2047244911634967,0.020725682,0.91482556,0.060775712,0.0006115414382454,0.0024815181936751,5.8031274e-05,0.048199043,0.00026301062,0.00125785311357,0.0035411248535811,1.550655e-05,0.04255813,0.00019682282,0.0012671566537594,0.0091110761270444,1.042559e-05,0.18006746,0.00017981222,0.204391632188962,0.3055400001240101,0.0011726927,0.98074085,0.0489611,0.0021872939326523,0.005067099608158,0.0002658334,0.117608376,0.0016819342,0.0261258451844481,0.0626609618510418,0.0001486911,0.6630856,0.007871987,0.7641586756029654,0.3234538825199408,0.008375595,0.99182194,0.9335627,Aditiya,5
Aditiya,0.5311926767874794,0.0613766390440077,0.33893874,0.6678234,0.54179466,0.220768399199341,0.0408934917733624,0.10057171,0.4490405,0.21538398,0.2029989924118616,0.1016836874512168,0.054965485,0.6942658,0.1797267,0.3262798896375617,0.0352711079176593,0.20751907,0.40881515,0.33724886,0.2966544046622735,0.0826798511723681,0.09258377,0.63005424,0.28379673,0.0345963756177924,0.1829059349582396,0.0,1.0,0.0,0.1985310138385502,0.0565926228567523,0.13113174,0.512538,0.18499863,0.0080453360381383,0.0137394815156599,0.00015260499,0.12351869,0.0036034593,0.6820428336079077,0.4660668001356213,0.0,1.0,1.0,0.1498953185634267,0.048591185648095,0.057966072,0.3420736,0.14062344,0.1590379514662273,0.0655928285792184,0.034524612,0.5169814,0.14914687,0.2033173699060955,0.074683575568872,0.028359674,0.5831269,0.19390231,0.5014252543657332,0.0443164831693575,0.34559363,0.645625,0.4984155,0.0,0.0,0.0,0.0,0.0,0.3181768127512356,0.0611644013670856,0.17158854,0.53106594,0.31709355,0.2706946286820428,0.074206670785494,0.11374607,0.684123,0.2652745,0.4695694346375618,0.2674482146249347,0.010490586,0.9793187,0.4547972,0.1309843807265238,0.0577895087480033,0.030734073,0.4689852,0.117268294,0.1303113789028006,0.0715556725534187,0.01994521,0.42984468,0.11221706,0.1047765681746293,0.198463612233375,0.018256914,0.89555156,0.046962753,0.0002141454936079,0.0003088934041994,3.9185827e-05,0.004207452,0.00012981446,0.0001181758728286,0.0001136448412009,1.9357944e-05,0.0015818459,9.4256684e-05,5.579567517298188e-05,4.9329908085728014e-05,9.672211e-06,0.00087501406,4.633495e-05,0.0044659970267545,0.0040728140207802,0.0006943403,0.03400142,0.0031370409,0.0051399885523887,0.0033268260124917,0.0012450253,0.028729625,0.004253179,0.0010378481904991,0.0010400107481516,2.9248771e-05,0.008801702,0.00075512164,0.988968049637562,0.004734019077397,0.9554156,0.9952323,0.9899833,Aditiya,6
Daniel,0.6532807683333334,0.0991757189709944,0.2962997,0.8971272,0.66689143,0.3497533014047619,0.1076879757959248,0.08550197,0.7056073,0.345668125,0.4103277597857143,0.17994229146036,0.07123122,0.86453223,0.391180205,0.3151789728571428,0.0607565052429557,0.20730908,0.47952703,0.33039345,0.1352780588460317,0.0707275554243208,0.056928992,0.52110016,0.110914315,0.073015873015873,0.2603692798887937,0.0,1.0,0.0,0.2160295101523809,0.1339502584291632,0.07271283,0.62872785,0.161057615,0.0283847491984063,0.0990525316898255,4.299695e-06,0.8747463,0.00381811045,0.326984126984127,0.4694841566619154,0.0,1.0,0.0,0.0666363479269841,0.0617528425015968,0.016378578,0.5536749,0.049814124,0.2152772588587301,0.1649248794802366,0.033502314,0.7702431,0.163130435,0.2450445283206349,0.1738609833504971,0.033637978,0.86992276,0.188996515,0.4688894411904762,0.0959841013437578,0.29255408,0.74239093,0.45430735,0.0269841269841269,0.162165737126331,0.0,1.0,0.0,0.3854127771269841,0.1706237862966944,0.12219419,0.92613834,0.3435833499999999,0.2949734968285714,0.1886515701909769,0.048234824,0.8791622,0.22749354,0.2229650827113333,0.2763019912937227,0.00049544714,0.9946985,0.091884327,0.1548947800857142,0.1588191295014,0.020386115,0.79733104,0.077231465,0.3002294977555556,0.1923522459996544,0.008687702,0.898748,0.25256036,0.2890754667333333,0.3075424433409794,0.022271857,0.9526781,0.09453563,0.0147006752130539,0.0432719704756826,1.1005597e-05,0.5584882,0.0006145257499999,0.006278278203582,0.0264442723559911,3.3276933e-06,0.34444767,0.000106986138,0.0322208265332014,0.1058099973470674,1.4535535e-06,0.70667034,3.29334015e-05,0.0290853730660476,0.1041944021177381,0.00019022079,0.86956453,0.0029479931,0.0444658583718253,0.1056290468322958,0.00090571085,0.71495706,0.0043995981,0.0190629306390793,0.0639021380096866,0.0001366246,0.51603216,0.0019220253499999,0.8541860578587301,0.2650058425272928,0.011625577,0.9975562,0.985514465,Daniel,1
Daniel,0.6505334033863275,0.0576986342052656,0.4721645,0.83619195,0.64788175,0.2849981877869634,0.1053010819716451,0.07734824,0.5467575,0.27076346,0.529087092591415,0.1650088866780098,0.13562837,0.8613772,0.5247236,0.2806253047535771,0.0714491754860005,0.20693688,0.43388394,0.23934881,0.1483386034101748,0.0797309386145125,0.061949443,0.5410719,0.1247644,0.1255961844197138,0.331657441239251,0.0,1.0,0.0,0.31111179645469,0.1939898046682521,0.07486246,0.7645669,0.3130463,0.0209334803877583,0.0478582656307861,0.00017499861,0.4496507,0.0065840553,0.2702702702702703,0.4444528126065171,0.0,1.0,0.0,0.0641061511033386,0.0602826740726487,0.017245363,0.6357527,0.04798415,0.174711740682035,0.1244224851280049,0.051639907,0.69257694,0.13317902,0.2694572607901431,0.1616786656638384,0.051383425,0.8609129,0.22163534,0.4361516588394277,0.0681501119495512,0.28190514,0.649552,0.42986226,0.0047694753577106,0.0689513302681204,0.0,1.0,0.0,0.3357177914785373,0.0722804775717782,0.15306267,0.57471037,0.32997036,0.2031155251796502,0.0847772899979514,0.031153552,0.6757925,0.1874541,0.1707508348030206,0.2051448265666466,0.0021400768,0.9887627,0.08852328,0.0890654476979332,0.0778501155967299,0.019834476,0.89997554,0.06649122,0.2695869801049285,0.1465831863340899,0.03190232,0.84152347,0.24880289,0.4219749366550079,0.337781870015903,0.020474378,0.9331315,0.3802251,0.0042965501979793,0.0133505830906142,3.6211164e-05,0.22630087,0.00087993406,0.0154629365090825,0.0898570168609202,4.2799525e-06,0.8507024,9.4919145e-05,0.0006471507916049,0.0042537007473772,2.098194e-06,0.09517893,3.546365e-05,0.0408471356952623,0.1138263792356805,0.0002978698,0.81407446,0.0027782104,0.0058258939246422,0.0046085673050625,0.0004392679,0.03481347,0.0043780054,0.0123360841717647,0.0585058930801318,0.00017210505,0.7084985,0.0013684086,0.9205842473116058,0.1924201250026626,0.019487383,0.99646723,0.9872392,Daniel,2
Daniel,0.6036625580286169,0.0643485026848896,0.39060318,0.7675278,0.6111157,0.2179742655596184,0.073581666391426,0.079762466,0.6157917,0.20181802,0.4508661186518283,0.1630895583481901,0.07053732,0.8702582,0.44305974,0.2288499833704292,0.0272120426553159,0.20250282,0.38449726,0.22031768,0.3944555603942766,0.2689187233053166,0.08348646,0.92891216,0.30192983,0.2655007949125596,0.4419509571056818,0.0,1.0,0.0,0.492166580054054,0.1345035086193696,0.0981827,0.7918436,0.5029967,0.1935008858501113,0.2910518757296524,0.00020622181,0.9968569,0.04171418,0.670906200317965,0.4702580662050591,0.0,1.0,1.0,0.348315133872814,0.3140849005079948,0.03167543,0.97296405,0.20632608,0.4264748177694753,0.2137341537246448,0.074413195,0.80914,0.39570066,0.3668918761748807,0.1621394404539082,0.08125383,0.88749266,0.33992523,0.4356551482511924,0.1062820170259676,0.2236558,0.7788772,0.4156891,0.2957074721780604,0.4567233238471498,0.0,1.0,0.0,0.3409265565802861,0.1157283669281997,0.08445899,0.7951771,0.3277365,0.1863721011674086,0.1700104254166486,0.0074404418,0.84631395,0.13356641,0.5520895527277376,0.3605054617299519,2.149255e-05,0.9998559,0.60386884,0.2820096399554849,0.2248345003444997,0.02615172,0.8551129,0.16646788,0.2680928343751987,0.1528772987351879,0.009431268,0.92024153,0.23675095,0.608790225763116,0.2321538912545463,0.030570116,0.9501494,0.651085,0.0136636840227344,0.0203544706036348,0.00034925764,0.19639789,0.007335487,0.0764977713338171,0.1706217127368765,2.3157025e-05,0.90512615,0.0048639877,0.005998550649903,0.0153313618257623,1.9003657e-05,0.15700139,0.0015585873,0.3006768299635929,0.3258608384424683,0.0008082933,0.9869104,0.15359491,0.0094049865982352,0.0144491421118408,0.00019291679,0.14453681,0.0042396504,0.0203962089765818,0.0672563662558322,0.0004155553,0.8468049,0.0044622384,0.5733619684854689,0.3945122232879095,0.0004336371,0.99331254,0.73547184,Daniel,3
Daniel,0.612369455063492,0.0574103524949342,0.37479421,0.9202465,0.612961325,0.2113589029682539,0.0679270284787236,0.080711,0.5842939,0.199956565,0.4527006184063492,0.1466816134460161,0.06546047,0.80310273,0.4576534949999999,0.2361186618571428,0.0351911840974107,0.20620209,0.39435026,0.2239021299999999,0.2405359975079365,0.1095249697831052,0.09520221,0.76119804,0.205385165,0.1825396825396825,0.3865956270677972,0.0,1.0,0.0,0.513829778431746,0.1395022680056249,0.08256205,0.7896283,0.54401018,0.0404720385735238,0.0734081911282359,0.00021536689,0.75932515,0.016914461,0.8492063492063492,0.3581319737351746,0.0,1.0,1.0,0.1729290075492063,0.135308777021842,0.042087033,0.8803113,0.123639778,0.3396628148412698,0.1343874892523344,0.11864772,0.7808468,0.320694985,0.3170136394444444,0.1142435397413118,0.075212896,0.7690834,0.30333535,0.4151338145079365,0.0639614530856561,0.29179463,0.711396,0.393892875,0.1317460317460317,0.3384831951432787,0.0,1.0,0.0,0.3163862162063492,0.0729078208604062,0.14249009,0.6670546,0.30217253,0.1275142467825396,0.1123615489110804,0.019516423,0.71229625,0.1006472775,0.6569091155606349,0.2998932703343335,0.0002954136,0.9958411,0.7627045,0.2265246294380952,0.1380050407646319,0.043634962,0.76084924,0.183114675,0.2672737069269841,0.1469534969004647,0.036700517,0.8204942,0.23203177,0.6475557913206349,0.2396512799407138,0.025541436,0.9399655,0.7274497449999999,0.0151619094430793,0.0192345483576334,0.00027434883,0.24647702,0.01058195,0.0366354639634507,0.0938961122469146,5.9662638e-05,0.7406484,0.00690770165,0.0097998279027174,0.0254468870405294,1.987495e-05,0.387236,0.00278624775,0.1736066787895238,0.196827660572907,0.0020929214,0.8446084,0.0765561675,0.0098846743673492,0.0129315560927442,0.00070651807,0.11524433,0.00483944025,0.0424657993904603,0.0733623052257545,0.00050860865,0.72157973,0.017807317,0.7124456453444444,0.2554686018248538,0.022878543,0.99331266,0.821140865,Daniel,4
Daniel,0.5956413213831478,0.0930849342307804,0.21329951,0.8197858,0.6037015,0.2293277301081081,0.0964904215353105,0.06904357,0.6036046,0.20395629,0.5460755793068363,0.178204566759044,0.07700641,0.87539065,0.55479574,0.2447069353577106,0.0468817579985856,0.2044292,0.44687223,0.22432739,0.1901678195055644,0.1125126919865907,0.07097694,0.67928046,0.15262744,0.1494435612082671,0.3568088955897974,0.0,1.0,0.0,0.4423450490461049,0.1826835552601021,0.072653845,0.83818406,0.4342732,0.042220141492178,0.0908713775100786,4.604565e-05,0.917878,0.010416608,0.3434022257551669,0.4752222397245273,0.0,1.0,0.0,0.1179245688155802,0.1229816118893804,0.025109887,0.7032472,0.06930064,0.3027424327392687,0.1991835883370981,0.04337506,0.80112493,0.23387662,0.2815976265945946,0.1447420281039523,0.05062052,0.80406827,0.24638902,0.4334423550397456,0.070837145413454,0.28580773,0.678497,0.42012575,0.0779014308426073,0.2682297175024656,0.0,1.0,0.0,0.3404041574244832,0.0904585615984144,0.12177132,0.8550094,0.3264791,0.2036017004960254,0.1694615782865281,0.028892774,0.8262109,0.12803043,0.3113278321931637,0.3015309668553978,0.0010614268,0.9965712,0.18529963,0.1336811002511923,0.1009320154465369,0.02717237,0.6700566,0.10030207,0.2875772434165342,0.1550286624734775,0.018443437,0.7864979,0.26092234,0.6226819523895072,0.2913795607430851,0.027874706,0.9599289,0.7353144,0.0115394578180302,0.0187753238127676,4.6880163e-05,0.28465346,0.005406374,0.0716414082828378,0.2081203666737499,8.194523e-06,0.9866274,0.0016520144,0.0053610468457572,0.0420254824619823,2.2471982e-06,0.7857831,0.0003931314,0.0960214572908267,0.1749748510338716,0.0006231304,0.95760465,0.016315563,0.0256495974039745,0.0541666877659022,0.0010710759,0.6400626,0.007919987,0.0098796303081955,0.035063353019615,2.3451577e-05,0.3242378,0.0010332692,0.7799074039968203,0.3037069988744301,0.0030240978,0.99592716,0.9323935,Daniel,5
Daniel,0.6646884921144673,0.0632635344547578,0.50558,0.9093183,0.660196,0.2970638204610493,0.1051309879175126,0.09496095,0.6975459,0.2813682,0.5815508212305247,0.1542313859825625,0.112732954,0.8905383,0.59474635,0.2974270271701112,0.0641280634311514,0.20794824,0.50067216,0.27199972,0.1144723581399046,0.0377336376014158,0.058905613,0.40005746,0.10496374,0.1081081081081081,0.3107640283038837,0.0,1.0,0.0,0.2851979523513513,0.1363516249681213,0.080621056,0.6014426,0.3069488,0.0049883460446104,0.0134575559868626,2.426488e-05,0.23516046,0.0018925006,0.3354531001589825,0.4725243832660692,0.0,1.0,0.0,0.040133882190779,0.0166097885231029,0.018975161,0.23336235,0.036575213,0.0993771392941176,0.0535709329022348,0.03417624,0.4760609,0.08308464,0.1681332035484896,0.0721076980704278,0.04987411,0.5424973,0.15641686,0.4205877340699523,0.0500050028859556,0.32280198,0.59953237,0.41134283,0.0,0.0,0.0,0.0,0.0,0.2672617775516693,0.0696446422302623,0.09717593,0.7494555,0.26622108,0.1423595006915739,0.0568979079160662,0.0177119,0.8154064,0.13204533,0.128576045499523,0.1477152960712974,0.0023085866,0.9323398,0.0770498,0.0749503828012718,0.0419969578040845,0.019296627,0.4312297,0.06491566,0.1841818790937996,0.102838033700277,0.022540119,0.67501974,0.16474329,0.3978149922686804,0.305951994295855,0.02844855,0.9308556,0.40875083,0.0013539913756311,0.0025573598842241,4.2864973e-05,0.027750755,0.00057668355,0.0002030527132531,0.0004681267100883,4.8478687e-06,0.004836972,6.245815e-05,0.0005950012098405,0.0131048485058054,1.7928279e-06,0.3287002,1.6665255e-05,0.0067933041554213,0.0222767559385025,0.00045041728,0.31513998,0.002225453,0.0058373395128775,0.0119973238327128,0.0012653106,0.28035083,0.0038368339,0.0025059696411764,0.0075776596795988,0.00011336372,0.09668165,0.0008158078,0.9827113417329094,0.0383588024750043,0.3035982,0.99653023,0.9909938,Daniel,6
David,0.5148860065505804,0.0402413091399461,0.371972,0.66525674,0.51836556,0.4079239610945274,0.0616421281917851,0.25311685,0.6208301,0.40244427,0.164938497946932,0.0554657623489098,0.051715422,0.38940248,0.16014326,0.3130200899668325,0.0499088519507665,0.23597188,0.4180417,0.2967087,0.2818501949585406,0.0761106020130973,0.13619117,0.48449543,0.27616963,0.0099502487562189,0.0993358218072617,0.0,1.0,0.0,0.1941183502653399,0.0376032034910402,0.12368798,0.3048051,0.19705755,0.0104589341394859,0.0191256779198915,9.804881e-05,0.2239594,0.0042804396,0.6600331674958541,0.4740908406032931,0.0,1.0,1.0,0.225752766827529,0.0640602775875721,0.07549462,0.5749168,0.21685337,0.3021044578109453,0.0783612104849988,0.1398286,0.5588657,0.28873417,0.3820336363681592,0.1078142687425514,0.12134925,0.73244506,0.3785153,0.6791219578772802,0.0478986128444615,0.5324623,0.79139066,0.68500257,0.0,0.0,0.0,0.0,0.0,0.379706031973466,0.0848331618094439,0.17625766,0.6217034,0.37784377,0.6928197552238806,0.0762670602771113,0.4665614,0.8618644,0.69865996,0.0037553992417578,0.0056059608092943,4.015982e-05,0.07945978,0.0021695998,0.1418940531359867,0.059222356103887,0.032250643,0.39663532,0.13208953,0.0743492697280265,0.0527740417454269,0.0087373145,0.35695758,0.06018146,0.1731058335986733,0.2288511157708271,0.020161644,0.8166204,0.07398423,0.0003461668618109,0.0004693367444308,2.3142311e-05,0.0055086906,0.00021181551,3.724120280116086e-05,0.0001156209064117,2.730564e-06,0.0018531432,1.1837114e-05,5.8952442900497514e-05,4.509626002561448e-05,1.0131572e-05,0.00033835473,4.5389428e-05,0.0008652860862686,0.0004445642492369,0.00021811217,0.0036980964,0.000760207,0.0005055879090945,0.0004222871955932,7.8427e-05,0.0039882166,0.00037908592,6.287076421028192e-05,8.512269734250525e-05,2.7867861e-06,0.0007859533,3.5479316e-05,0.9981238967330016,0.0010688617887642,0.99204916,0.9994574,0.99838305,David,1
David,0.5143044842192691,0.042425210857434,0.40050066,0.7154487,0.51256865,0.4406307867940199,0.0701245810489724,0.17582798,0.6127406,0.438624075,0.1505350811843853,0.0554276130770836,0.057566717,0.40050718,0.139029715,0.3511164402159468,0.0581474615121888,0.2300443,0.4874232,0.37779124,0.2575854919601329,0.0630866948575778,0.12227898,0.47985625,0.24841132,0.0,0.0,0.0,0.0,0.0,0.1677047674950166,0.0401752369000249,0.09427625,0.31671527,0.153807175,0.0045035564117425,0.0080177184646879,3.974006e-05,0.11450006,0.00224988905,0.7192691029900332,0.4497299585486446,0.0,1.0,1.0,0.1714616665315614,0.0412099913775974,0.08280846,0.3257152,0.170024795,0.2735565513455149,0.0790737289229051,0.12871766,0.77092177,0.25975114,0.360285711627907,0.1085221912026579,0.11028456,0.66218984,0.352510195,0.6545605808637873,0.0594407473185598,0.434012,0.7658931,0.659232025,0.0,0.0,0.0,0.0,0.0,0.3410685796677741,0.0859110961171155,0.13162772,0.67952687,0.33284129,0.6623580859966778,0.0905163463486298,0.3837973,0.86542475,0.66802148,0.0083337631057475,0.0147453028599428,0.00010354451,0.15112068,0.0039540355,0.1531406127757475,0.0563782941339756,0.043704443,0.3951335,0.14841716,0.0695369278373754,0.0652596230991665,0.0064985966,0.6591202,0.0509695965,0.1292786580348837,0.2215634313600765,0.016875148,0.8470674,0.0363723335,0.0008252341921029,0.0012792129644388,2.7972736e-05,0.013180394,0.0004053454699999,2.937748150199335e-05,7.025805789419652e-05,2.9478626e-06,0.0010560578,1.0645905e-05,7.039883095016611e-05,6.620657601248457e-05,9.592555e-06,0.00084859127,5.5474343e-05,0.0007683403804318,0.0006081757080863,0.00020288357,0.007524861,0.000644240525,0.0008830201893687,0.0009231368026815,0.00013206695,0.011109154,0.0006210345899999,8.329083451960133e-05,0.0001999020341444,3.796471e-06,0.003291156,4.6045814e-05,0.997340336179402,0.0025049361081466,0.9680521,0.9994437,0.998029055,David,2
David,0.4636586065339967,0.0619219106515291,0.28802973,0.62069523,0.4652607,0.3842149357545605,0.0672490887125984,0.18025395,0.6338373,0.38173452,0.1579704929087893,0.066986630600533,0.059852403,0.8391853,0.14632124,0.311053936451078,0.03871057214597,0.22731061,0.44593555,0.2976598,0.2495838671873963,0.0440797706666604,0.0785071,0.47728345,0.24376515,0.0049751243781094,0.070417297063225,0.0,1.0,0.0,0.2116231784941956,0.0488021213689304,0.10703698,0.48974758,0.21218957,0.0175066822235472,0.0356513809047352,3.9218707e-05,0.38424087,0.005562838,0.593698175787728,0.4915499472192877,0.0,1.0,1.0,0.1413445143980099,0.0432612349553694,0.018459098,0.33034363,0.1289897,0.4110595777114427,0.0872110405919679,0.14879446,0.63098264,0.41627064,0.3139404966898839,0.1123924816690368,0.08112874,0.81052744,0.30276957,0.4456872013432836,0.0578924516352516,0.296481,0.72146297,0.44168106,0.0016583747927031,0.0407231481187684,0.0,1.0,0.0,0.395421451442786,0.0998086709108683,0.169877,0.86221176,0.38514262,0.4461158583582089,0.0906630871140657,0.21433946,0.9484063,0.44557208,0.0336612220075621,0.0507070959343382,0.0003124561,0.52395284,0.017169481,0.1781778674494195,0.0766561475310331,0.053468075,0.5644835,0.16353229,0.0668178457495854,0.0662123756873528,0.009365592,0.90970916,0.053117592,0.2038905811791044,0.2635201877731962,0.016638618,0.9046749,0.06761141,0.0009406753195737,0.009153084434674,2.5178471e-05,0.19708261,0.00015779854,0.0001122546239086,0.0006847897872023,1.5058007e-06,0.014655555,1.0352675e-05,0.0007460076829669,0.0094390473764404,6.0220377e-06,0.19397135,3.850025e-05,0.0007405856353316,0.0044825554320686,8.598286e-05,0.07317228,0.00035454956,0.0018964403883946,0.0192563597550771,8.344086e-05,0.3618376,0.00030991714,0.0014000029712265,0.0234089952175852,3.3041533e-06,0.5592317,3.4274683e-05,0.9941640333333333,0.0537599027006712,0.16148937,0.9996432,0.999035,David,3
David,0.4588652168272425,0.0476691454932917,0.3265422,0.6057132,0.460612205,0.3584710068438538,0.0626264211869692,0.1703431,0.60597926,0.3568577,0.165030853936877,0.0515631208716281,0.043421254,0.3996818,0.15997471,0.3413975738372093,0.0469634461725502,0.2468582,0.6252996,0.33291572,0.2267997828903654,0.024678217773664,0.15712808,0.40245554,0.224714905,0.0,0.0,0.0,0.0,0.0,0.1828462036312292,0.0479446598823439,0.10652594,0.3309915,0.181428025,0.0113689968648621,0.0257372114141728,6.3141466e-05,0.33235738,0.00408761725,0.5664451827242525,0.4959774844116525,0.0,1.0,1.0,0.1217286065398671,0.0292931061132429,0.07136848,0.2921727,0.115719568,0.4072194402657807,0.0731321797571984,0.15595941,0.64507806,0.4089101699999999,0.3283548351710963,0.112096826452485,0.068365075,0.6935201,0.31181842,0.4217855039036545,0.0497575388231488,0.2882122,0.6029831,0.421323005,0.0,0.0,0.0,0.0,0.0,0.3899643745182724,0.0865361876649712,0.16990538,0.72526866,0.3791744449999999,0.4368832897840531,0.0819373992535991,0.22537465,0.67143846,0.44436534,0.0492450582025083,0.0641439148676503,0.00058140693,0.52468675,0.0260089805,0.1833985538554817,0.0631594479679115,0.047849093,0.45259386,0.17919978,0.0596354192681063,0.0346367470607051,0.0069322204,0.19363502,0.0522964355,0.1313330647591362,0.2177917994455859,0.015149969,0.90970665,0.056013558,0.0012214705299883,0.0019092234161483,4.855092e-05,0.016298454,0.000508975815,2.021786915973422e-05,4.8827465658672265e-05,8.188057e-07,0.0005172145,8.0502255e-06,0.0001177494517724,0.0001053774477077,1.1593935e-05,0.0008068568,8.348369000000001e-05,0.0003681396542176,0.0002068428911121,7.989073e-05,0.0019208168,0.000322000715,0.0008709059633222,0.0009037308670204,0.00011030979,0.009805344,0.00058839603,0.0005684390336333,0.0017058354249947,4.249819e-06,0.02492112,0.00016355123,0.9968330757641196,0.0031432456337626,0.97198963,0.999529,0.997914525,David,4
David,0.5265769564179105,0.0400485650644868,0.325196,0.69138616,0.5268542,0.4274492466832504,0.0764748442836083,0.16845986,0.6209824,0.4345295,0.1468285133532338,0.0625446093102584,0.04869138,0.70538574,0.13397168,0.3482659855721393,0.0487747799404479,0.23622644,0.48500255,0.33176032,0.2728256909618574,0.0601588098098913,0.1251656,0.45726585,0.27096134,0.0066334991708126,0.0812431034979257,0.0,1.0,0.0,0.1802681913880597,0.0448639609904233,0.11348913,0.37770435,0.17027114,0.0081817184287562,0.0184241332199737,0.00010092474,0.34062797,0.0033951777,0.6086235489220564,0.4884635167733751,0.0,1.0,1.0,0.1741506122205638,0.0476559432498604,0.031268187,0.36489698,0.17040405,0.2717016402487562,0.0774589445578588,0.10629804,0.61289084,0.26146775,0.3616598214096185,0.1078433750784378,0.07997485,0.79575807,0.35456762,0.6666298777611941,0.0632297639572946,0.3279787,0.7672849,0.6799793,0.0033167495854063,0.0575433752451138,0.0,1.0,0.0,0.3544166667993366,0.085919484173121,0.16264614,0.7617345,0.34970835,0.6946110181757877,0.0737292315503348,0.33301097,0.8598323,0.70312965,0.0099225776288739,0.0283250932446386,8.0825535e-05,0.41223732,0.0040439884,0.179782829230514,0.0651486230364521,0.044427007,0.3951734,0.17399172,0.0783052027855721,0.059056790441516,0.003322049,0.39278722,0.062151685,0.1444737118325041,0.2128274684760117,0.017758086,0.83189386,0.06664108,0.002296895797048,0.0174619299250864,3.425148e-05,0.32420602,0.00027643278,0.0015757127033059,0.0183225561588887,1.6607154e-06,0.37767372,5.961644e-06,7.679415448507463e-05,0.0003188430244145,1.0122634e-05,0.004392416,3.34115e-05,0.0003802526038524,0.0007171881148536,6.886281e-05,0.012131697,0.00028140133,0.0048499219585903,0.0370346094841367,0.00018089807,0.44962394,0.00057721086,5.630726729568822e-05,0.0001405828904944,3.1274992e-06,0.0015431322,2.6997146e-05,0.9907641133665008,0.0568984251089367,0.35074124,0.9995523,0.9987521,David,5
David,0.5358300225747508,0.0381751794302103,0.42156962,0.6817465,0.5345526,0.4175805903488372,0.0722708553148673,0.23867801,0.6045471,0.41800822,0.1578726300066445,0.0474714502122154,0.051641427,0.3529443,0.1509793999999999,0.3483125924584718,0.045819302366476,0.25190815,0.45505434,0.32986909,0.2575398935215947,0.049310340173836,0.13588038,0.47124448,0.2484882649999999,0.0016611295681063,0.0407569572969611,0.0,1.0,0.0,0.1713800123604651,0.0346985794834573,0.11338659,0.30015156,0.164330335,0.006894166283671,0.0119404426966952,8.540675e-05,0.15817235,0.0029755292,0.5232558139534884,0.4998742247873368,0.0,1.0,1.0,0.1718543316328903,0.037749424806966,0.07889189,0.29318312,0.16989614,0.2750445177076412,0.0613257402021437,0.13937584,0.48421496,0.270031765,0.3403132194584717,0.0958822801505232,0.122890934,0.6853381,0.330293255,0.6728552995681063,0.0466139043963465,0.52923805,0.78761727,0.68180843,0.0,0.0,0.0,0.0,0.0,0.3214313419435216,0.080066045172334,0.12682633,0.6189664,0.31570154,0.6589144090033222,0.0688651255433386,0.37387633,0.8423059,0.6668541299999999,0.0140423912711461,0.0252504286928136,0.00028581562,0.3508781,0.0073081175,0.1773492034501661,0.0652049117971005,0.052554358,0.41755408,0.16911733,0.0517776094416943,0.0414768012863914,0.0057023345,0.38953412,0.0388513785,0.1211093913870431,0.1766409569308693,0.01718588,0.81883305,0.0723172149999999,0.000508212216093,0.0004189671598634,4.0978244e-05,0.003204222,0.000385723165,2.5412019923920264e-05,5.958174552655882e-05,2.2512365e-06,0.0011143328,1.4249166e-05,6.317812502325582e-05,3.543306640582082e-05,1.1321476e-05,0.0002833147,5.3945387e-05,0.0003163649779817,0.0001067540608126,8.7653585e-05,0.0007176996,0.00030359875,0.0008443357078903,0.0006780831044211,0.00016612011,0.008688118,0.000681312035,3.474916718787376e-05,2.1687132438586825e-05,3.0679846e-06,0.00017213276,3.165131e-05,0.9982077486212624,0.0010834760127593,0.98850864,0.9995492,0.99852115,David,6
Shawn,0.5736300067834395,0.0673564409705281,0.25636116,0.7809526,0.56370765,0.2496148155955413,0.0926027386694834,0.106062055,0.65596116,0.2305773099999999,0.3172405729872611,0.1453388534629458,0.07892212,0.9265783,0.2824884,0.3199043859713376,0.0780238371669041,0.20919518,0.56271225,0.332463115,0.1308290018455414,0.0361553629918324,0.06475564,0.43185252,0.121827025,0.054140127388535,0.2264743848643036,0.0,1.0,0.0,0.2018418980780254,0.0934773875675267,0.07849387,0.7740235,0.1721309,0.0165270396234872,0.0465612556979,9.071464e-05,0.79649264,0.00635678,0.6401273885350318,0.4803454196547326,0.0,1.0,1.0,0.0477837616512738,0.0211929738098726,0.023129772,0.2594357,0.043666158,0.1512460678598726,0.077598615873537,0.04789284,0.6028041,0.133496805,0.6545341671974523,0.1165333487625818,0.21011625,0.8901428,0.661242,0.6113817350159235,0.0597992254989103,0.38644236,0.7704964,0.61540195,0.0079617834394904,0.0889437494300947,0.0,1.0,0.0,0.435182481433121,0.0870506410914531,0.2548426,0.8566618,0.419849545,0.4287864100796178,0.0910332554045165,0.1852929,0.86115456,0.42357996,0.1011760643148089,0.1209665256943969,0.002244041,0.9714972,0.06306657,0.1610817524904458,0.091685984328891,0.035902508,0.74002707,0.133425285,0.2021157534936306,0.1029753030260897,0.046121858,0.6991469,0.1801793199999999,0.2449318767531847,0.2751499482512585,0.023919107,0.93876606,0.09022405,0.0068709194856687,0.0273288521510647,0.00043348613,0.36229128,0.00199868845,0.0049097933957484,0.0366284416572887,3.3161046e-05,0.53251123,0.00019899787,0.0005199071020429,0.0037239991435997,1.2939191e-05,0.075594485,4.9512047e-05,0.000559425062406,0.0010538267930652,8.982936e-05,0.011199746,0.00030585378,0.0136577095985668,0.0372617715188344,0.0021024714,0.52730536,0.00639957535,0.0062637333333598,0.0145251826413256,0.00022534477,0.2185611,0.00264987365,0.967218514522293,0.0973225573813132,0.04253416,0.995398,0.98705963,Shawn,1
Shawn,0.5629570839808917,0.0696830683949836,0.41272104,0.7831526,0.546979,0.272944089388535,0.1089600629389693,0.10569469,0.7084595,0.24335327,0.4282540572292993,0.1412936995542468,0.089128286,0.8346261,0.42008674,0.352188545366242,0.0925560759183532,0.21375273,0.5988471,0.36985655,0.1477403344124203,0.0467061668405706,0.09566854,0.38291544,0.130627445,0.1226114649681528,0.3282521427415782,0.0,1.0,0.0,0.2361801984235668,0.070639822042547,0.10324126,0.59104425,0.225040725,0.0112173702814171,0.0408513988006269,6.693543e-05,0.592358,0.0031096999,0.5636942675159236,0.4963217645221474,0.0,1.0,1.0,0.0527433085796178,0.0242047668301046,0.021137452,0.24933758,0.0446714884999999,0.1710202273312102,0.0997409871154762,0.060590077,0.8109076,0.138903335,0.6002701137738854,0.1248921715328706,0.11662013,0.8525596,0.616404535,0.6038826772611465,0.0710666067388832,0.3929759,0.72294426,0.6291058,0.001592356687898,0.0399043442233811,0.0,1.0,0.0,0.3897014788057325,0.0713501020268909,0.23441839,0.8034972,0.381420325,0.4471635422292993,0.0908604429847156,0.23362005,0.86007875,0.43702522,0.1332650979776114,0.1282663510458155,0.00072275574,0.96857834,0.095060815,0.1935829522595541,0.0893716813523062,0.04998084,0.6903879,0.176241455,0.2467060996990445,0.1291506574584043,0.041488644,0.81584406,0.2215517149999999,0.198532039183121,0.2264247176129007,0.021209687,0.9145428,0.079740565,0.0053531992953662,0.030248246584472,0.00022303469,0.50680894,0.0015541730999999,0.0012754384481687,0.0068707947065631,2.0767404e-05,0.13194601,0.00022914858,0.0002372118550883,0.0010149892618658,7.186318e-06,0.017021649,4.9232732500000006e-05,0.0019650922233057,0.0139977172481544,3.9273946e-05,0.23293272,0.000187705955,0.0113016606515923,0.0300953362712429,0.0012076518,0.54382724,0.0057790055,0.0106729773359872,0.0454778862128938,0.00021640568,0.48339513,0.00225367955,0.969194419710191,0.0832662347379491,0.044577714,0.99738544,0.98846188,Shawn,2
Shawn,0.5403070896019109,0.0928265953179541,0.2150333,0.84433997,0.5374588,0.2636066542611465,0.1136534252072429,0.050482232,0.6834811,0.239570885,0.4292160279171974,0.2238065026991315,0.064572796,0.9618913,0.37263374,0.2638808557643312,0.0666140017871225,0.21019366,0.54110605,0.2321815099999999,0.2892237274761146,0.1172846780205712,0.0910538,0.85596955,0.28420691,0.2277070063694267,0.4196867862434123,0.0,1.0,0.0,0.3865616539649681,0.1471434539902067,0.10084962,0.77008754,0.359767225,0.0224750321408757,0.0583906888456203,7.054079e-05,0.6873165,0.0047732317,0.1560509554140127,0.3631929254097142,0.0,1.0,0.0,0.2076536061910828,0.1482176020265309,0.031493045,0.9531453,0.18192719,0.4801938344108281,0.1759324962426079,0.11835846,0.8339323,0.506806,0.5139394972292993,0.1638408954538601,0.13298647,0.9342659,0.5102046499999999,0.5936731091242038,0.0650155702430344,0.39671254,0.7718815,0.603013835,0.0493630573248407,0.2167975750632771,0.0,1.0,0.0,0.5203385015127389,0.1218858415711484,0.2375694,0.9082919,0.510459825,0.582740866544586,0.1100860427318913,0.11979424,0.88331664,0.59330662,0.0997347961181528,0.1529737451378018,0.0006959265,0.98612356,0.0478003485,0.1663633412038216,0.0964523797161195,0.044122197,0.7892278,0.141129795,0.3638460535461784,0.2087066452501645,0.042925216,0.9118375,0.32507368,0.4465158941449044,0.3355492311476583,0.0267693,0.9509963,0.276549845,0.0324380438328025,0.0625625064865312,0.00031481203,0.459241,0.0065924999999999,0.0405030491194824,0.1105225897387973,5.5468143e-05,0.78127605,0.00152768085,0.002634078607871,0.0052262132708587,1.4904908e-05,0.040502526,0.00048931485,0.1582930520559872,0.2453245759479393,0.00035271829,0.993793,0.029187315,0.0855741701852707,0.219827169555329,0.00026833717,0.9729504,0.0065779945,0.0151936959951751,0.0657395666884166,0.00018226115,0.8171863,0.00220865245,0.6653639096871019,0.333943463582439,0.00334619,0.9962364,0.782231425,Shawn,3
Shawn,0.4242326338694267,0.0875125563030102,0.20222467,0.7481885,0.42286146,0.1450901791847133,0.0610325292116766,0.051375117,0.4814854,0.13100151,0.7239010725159236,0.1793878773677259,0.19321989,0.9663293,0.77897957,0.2346141621019108,0.0339299239446561,0.20100243,0.47962627,0.22416813,0.3063462198582802,0.1380037298554193,0.10397468,0.75216395,0.273954585,0.1863057324840764,0.3896635552407687,0.0,1.0,0.0,0.486307444165605,0.1659372476708138,0.10457991,0.81861097,0.495057565,0.0821001601466321,0.1138957009058674,5.4282635e-05,0.7060677,0.038987648,0.2707006369426751,0.4446759150319274,0.0,1.0,0.0,0.1555095540621019,0.1122629537118839,0.04422671,0.61232036,0.10992241,0.3645581641990446,0.1114819335103503,0.094316706,0.7490148,0.3610466249999999,0.7029727781847134,0.1147000376701125,0.13714176,0.9271071,0.7197714,0.6776047793949045,0.0518900968006098,0.49927875,0.7816419,0.6836544,0.0207006369426751,0.1424936928554414,0.0,1.0,0.0,0.5326462589490446,0.0888578408329248,0.25845343,0.89228666,0.533154185,0.5515896677707006,0.1096695359718854,0.26516622,0.88249004,0.5443374750000001,0.0511553085208598,0.0875892723792418,0.0006295675,0.9422563,0.0247623714999999,0.1152208579856687,0.0705051133205093,0.035669744,0.6323267,0.093643218,0.3394503928184713,0.178858309845136,0.035451848,0.94963205,0.312139925,0.5842121484012739,0.2735447344316166,0.015487359,0.9529397,0.7106752000000001,0.0850517857839172,0.0823774720517943,0.0015116727,0.43189147,0.057776913,0.2252107868169745,0.2692376259479986,0.00023121235,0.9931711,0.0929222949999999,0.003687973908535,0.004941147707295,1.7257433e-05,0.032435592,0.00167101335,0.0059106217975477,0.0193571328435398,0.00022637194,0.2049318,0.00134973385,0.1204442885494108,0.2026554730134049,0.00021791879,0.9402299,0.0509215375,0.001569454224363,0.0032690186581155,6.531189e-05,0.035982832,0.00084037365,0.55812509017293,0.3642003811749656,0.0015726842,0.9919226,0.5888288500000001,Shawn,4
Shawn,0.5296566476273885,0.0696212884285261,0.25739068,0.8296653,0.5253547000000001,0.218408089254777,0.077337672344808,0.09072142,0.71529126,0.20890873,0.3624591527070063,0.1428117989405833,0.10054882,0.8654843,0.3320547499999999,0.3077832831528662,0.0682733645705924,0.21019366,0.5337085,0.33654603,0.1639302309952229,0.0969802965360773,0.08471625,0.750779,0.1241893175,0.1640127388535031,0.3705822994515644,0.0,1.0,0.0,0.197861314433121,0.0883178438042539,0.07276038,0.50768924,0.167286965,0.0259598403538375,0.0388783383407512,8.477522e-05,0.33434385,0.0122497005,0.6178343949044586,0.4863040555179339,0.0,1.0,1.0,0.0942445623073248,0.1010029447420453,0.027371537,0.8083956,0.061521645,0.2056252070350318,0.1178108684808587,0.06381501,0.744761,0.1682043899999999,0.6361997520063695,0.1173469259065716,0.1975573,0.90619284,0.651713,0.6076975777866241,0.0598816924188887,0.38618496,0.74356794,0.611722925,0.0095541401273885,0.097354767793766,0.0,1.0,0.0,0.4834127346496815,0.0856350778465195,0.18848282,0.7928681,0.478042175,0.4827975789490445,0.1133644398113809,0.20037998,0.88946533,0.477701145,0.0769203804896496,0.0918076894249288,0.0017935503,0.6271441,0.0451815125,0.1143362344140127,0.0855762449060587,0.033255532,0.6659829,0.088430645,0.2581616962038217,0.1549170192644949,0.043329246,0.92999315,0.222486975,0.2187120741082802,0.2570672879366798,0.019445393,0.95091265,0.087470445,0.0110711036082006,0.0468152720521166,0.0003170682,0.6522994,0.0018718094,0.003127019711457,0.0107815620925743,2.1960355e-05,0.1551864,0.00023982615,0.0020566722173829,0.015740348182867,7.070347e-06,0.32349512,4.44106985e-05,0.0196824650327515,0.099956926774816,6.587793e-05,0.9387272,0.000385409655,0.0187506509971337,0.0510302250547584,0.0019610815,0.5673937,0.00630247425,0.0060595621535031,0.0223195756442481,0.00017681844,0.3024315,0.0012170376,0.9392525278519108,0.1568654709036382,0.02714908,0.9963574,0.988633135,Shawn,5
Shawn,0.5721671562738853,0.0624573371808417,0.35652667,0.7982368,0.56780245,0.2580582955031847,0.0828307908049857,0.08762556,0.64652157,0.244352875,0.3128768768248408,0.1064412634350315,0.09568151,0.7153713,0.29740785,0.3275512914490446,0.0626685497899609,0.21012604,0.46672234,0.3508173799999999,0.1181356319681528,0.0218740257374832,0.08918875,0.23202428,0.11302663,0.0398089171974522,0.1956658654268637,0.0,1.0,0.0,0.1500151832181528,0.0592468296608654,0.076206096,0.35020965,0.13735297,0.0185163350945382,0.0264056809456034,0.00022009204,0.26779783,0.0099820904999999,0.7356687898089171,0.4413279567441379,0.0,1.0,1.0,0.0524392053343949,0.018402033128368,0.023344839,0.1726305,0.0477810975,0.1176143596401273,0.047449057485986,0.050883297,0.41181338,0.105558595,0.6766297861624203,0.1009492899946612,0.37700322,0.9147236,0.68355365,0.5640716923726115,0.0713609701093973,0.40804225,0.7315738,0.5787183,0.0,0.0,0.0,0.0,0.0,0.4346651297929936,0.0697295544223043,0.24639061,0.8450234,0.4291407299999999,0.3975030224203822,0.1065030060729118,0.19487537,0.7642137,0.378366695,0.1221697731687898,0.1254552389291357,0.0024137902,0.93183076,0.079722208,0.136210138232484,0.082277978226351,0.02491424,0.4566463,0.11003547,0.2170384535015923,0.1192847586151933,0.02018403,0.7849416,0.193821115,0.1721901637261146,0.2352477773814684,0.01591087,0.9608679,0.067240925,0.0025308507321019,0.0085005273050947,0.00022077793,0.2038032,0.0014617571,0.0006624237730286,0.0041096924291753,2.6392097e-05,0.097725764,0.000185093575,0.0001425828267993,0.0011100270800898,1.1065909e-05,0.02741366,4.2415675e-05,0.000209512915457,0.0002319159123114,4.315416e-05,0.00497549,0.000176961265,0.0098698318756369,0.0240481482720751,0.0025756035,0.583164,0.00697276695,0.004026376822914,0.0052629241251884,0.0002555151,0.043992706,0.0025596724499999,0.9825584212038216,0.0381479001347247,0.072651476,0.9955481,0.98747525,Shawn,6
Shivaji,0.7793860265159129,0.068838570157107,0.3730144,0.9055266,0.790204,0.6739576230820771,0.1098029404297435,0.12866494,0.85112906,0.6938798,0.1446980662311557,0.0733939874313835,0.035517745,0.52083343,0.12654075,0.4992296188274707,0.0706546401516764,0.23004822,0.7443813,0.5256092,0.0583733121825795,0.0134367648879911,0.043082338,0.14655614,0.054406323,0.0016750418760469,0.0409272754535028,0.0,1.0,0.0,0.0838682348056951,0.0303662317307392,0.06666967,0.39160785,0.07760105,0.0098299216169882,0.0211245426842205,2.1946707e-05,0.3272829,0.0033725568,0.3634840871021775,0.4814058570054032,0.0,1.0,0.0,0.0234901245854271,0.0137968276181799,0.009089014,0.15980364,0.021060959,0.121994565319933,0.0721520688027306,0.042364724,0.58466005,0.10226889,0.3320880522177554,0.1532832771765209,0.07991154,0.83078516,0.3116867,0.4244260964656616,0.0527142718315114,0.31377244,0.6335319,0.41857728,0.0050251256281407,0.0707690807518536,0.0,1.0,0.0,0.2927508645879397,0.1271687359717987,0.069846734,0.786133,0.27149233,0.1632163070318258,0.0920166084532178,0.028713008,0.6046854,0.14144284,0.8910864110201006,0.1620184171920042,0.032876763,0.9995505,0.9507592,0.2491010402897822,0.1445930307837858,0.042758428,0.7881794,0.20825955,0.0521777987554438,0.0441224889634332,0.007953688,0.39344043,0.04043129,0.1183679439514237,0.0454571475035303,0.029349674,0.4461989,0.11333283,0.0197774080187102,0.04936767265269,0.00023834064,0.5972388,0.007549587,0.0001868779043199,0.0003787033659471,3.3856138e-06,0.006956841,9.0654794e-05,0.000988063497211,0.0060896963055843,1.7690907e-05,0.13227986,0.0002007207,0.0007680072674338,0.0009658288719459,6.0435552e-05,0.0152858915,0.0005854043,0.0037125641652428,0.0146921212962544,0.0002375937,0.24076429,0.002024261,0.012139605279747,0.0529482265146981,5.6007713e-05,0.76536363,0.0014612112,0.9624274747403684,0.0837568873525902,0.18433793,0.9988918,0.98328596,Shivaji,1
Shivaji,0.7953309536484245,0.0654594245954144,0.42299294,0.9050605,0.8020339,0.6388645035986733,0.093229493391637,0.2099469,0.83125895,0.65552616,0.1150901745058043,0.0593733602207525,0.021772893,0.5272992,0.10037166,0.4944983405140961,0.0756818506768,0.24846925,0.63272923,0.5321938,0.0935842170033167,0.1352862806993011,0.042716738,0.8275924,0.052838072,0.0182421227197346,0.1339369158424476,0.0,1.0,0.0,0.0930291176467661,0.0510420648068143,0.06677048,0.40898132,0.08217249,0.0094596299748524,0.0468094981996356,1.8694218e-05,0.65585744,0.0014521823,0.3830845771144278,0.4865422488792353,0.0,1.0,0.0,0.0876314890049751,0.1937947538923656,0.014409792,0.9589101,0.024073917,0.132603161039801,0.15343977588263,0.033082318,0.72393805,0.07078808,0.3113761709303482,0.1452321673874356,0.06860489,0.89487743,0.27980953,0.3862425406301824,0.0664016344670698,0.19769247,0.66814995,0.3725032,0.0729684908789386,0.2603007026808751,0.0,1.0,0.0,0.2382484211890547,0.1462138640958438,0.07123189,0.82018656,0.18988807,0.160362136509121,0.1273259359783879,0.007281936,0.80804753,0.12368932,0.855843774800995,0.1867629508976291,0.031833164,0.9999591,0.92533857,0.1594479923416252,0.1083696973707128,0.037045117,0.7630203,0.12784408,0.0609180209742951,0.0688087531110084,0.006102873,0.66523993,0.040346548,0.1226961926451078,0.048214959608398,0.04862944,0.5322114,0.11502281,0.006455156343665,0.0177802213157261,0.0002903559,0.30870542,0.0034456775,0.0006424147997764,0.0020817170920991,4.2031093e-06,0.027458701,0.00010233942,0.0006937380194444,0.0013002394957784,1.3436815e-05,0.015757957,0.00030797522,0.1093997842236816,0.281235699176892,0.00011888329,0.988058,0.00051455654,0.0018732616869718,0.0015193607910942,2.220736e-05,0.009020745,0.0015002163,0.0224427220272553,0.0569540920762087,4.8638856e-05,0.49405152,0.0044778967,0.8584929233971874,0.305309008596818,9.600311e-05,0.99872726,0.98689437,Shivaji,2
Shivaji,0.7432774737770382,0.1089073264902607,0.30945516,0.9024325,0.7781354,0.6094031780532446,0.1444733726479092,0.119779,0.8574342,0.6461491,0.0998310031880199,0.0601102956710708,0.021594176,0.46378338,0.08669914,0.4767607080366057,0.1042360596180211,0.2572593,0.73645276,0.47560203,0.318089500843594,0.2682480169830815,0.047199614,0.9124135,0.16962558,0.0349417637271214,0.1837853048248165,0.0,1.0,0.0,0.1651763368186356,0.0983964932565165,0.067060746,0.5351883,0.11797424,0.1277194686294858,0.2316971305221976,3.5331614e-05,0.99174327,0.016127212,0.3876871880199667,0.4876284193101473,0.0,1.0,0.0,0.4235273326738769,0.3631087461258486,0.016339898,0.97960734,0.26276138,0.4491669626106488,0.1430166851891161,0.07659455,0.8263618,0.47281617,0.4159538223494176,0.1690955203334241,0.08326757,0.90245473,0.40178034,0.396409636156406,0.1458158003223921,0.1278812,0.7207099,0.39793408,0.6605657237936772,0.4739117492633518,0.0,1.0,1.0,0.4344835762878535,0.2040630596814389,0.078142405,0.8994848,0.4281846,0.2250904335712146,0.254640991674062,0.0057684174,0.82479864,0.064061455,0.7882397860970051,0.3332129664989613,0.0022569,0.9999927,0.99537426,0.4161440370382696,0.2142500943329449,0.050091993,0.8678909,0.44564146,0.15889065271797,0.1505734196339277,0.0049695754,0.90016645,0.113786444,0.1273838601281197,0.1197207132443466,0.032373007,0.88638633,0.09370729,0.1074430934441431,0.1463366903926754,0.00055681064,0.8727013,0.04871789,0.0206703308698247,0.0659676470762748,2.0109987e-06,0.6952946,0.0030276496,0.0555154618042895,0.1119825280022889,5.231669e-05,0.74024636,0.010022015,0.3927507843603494,0.3598952502090976,0.0002559719,0.99453557,0.2751563,0.0031202808361331,0.016063692584266,1.1330983e-05,0.35060647,0.0009098314,0.1480919454675707,0.1920488416753595,0.000467724,0.95483977,0.06632784,0.2724081050068552,0.32560241729461,5.8053247e-05,0.990132,0.09895586,Shivaji,3
Shivaji,0.783019447628524,0.0511149292904661,0.50107116,0.8861972,0.78983736,0.6589685227529022,0.0921148038083158,0.26444447,0.84991705,0.6695099,0.1025977106766169,0.0428411318040869,0.028574387,0.31156504,0.095754676,0.513796197761194,0.0878684589484758,0.24867812,0.7578212,0.5190659,0.1866503606749585,0.1558641708621786,0.049019463,0.8438453,0.13105653,0.0199004975124378,0.1397743437087812,0.0,1.0,0.0,0.1082725484361525,0.0478274358470414,0.066571884,0.34300807,0.09132008,0.0471160808163482,0.1003389870705113,5.1698138e-05,0.94842815,0.009293087,0.3781094527363184,0.4853177278549569,0.0,1.0,0.0,0.2703161496932006,0.2826398029847951,0.015932396,0.9775844,0.13460743,0.3863260962636816,0.1549969603026057,0.06534831,0.7735259,0.40655267,0.4336815040298508,0.1577453217583895,0.10741983,0.89490396,0.4185177,0.4294377961359867,0.1160244667780321,0.18832235,0.7122997,0.4269549,0.4676616915422885,0.4993673788354364,0.0,1.0,0.0,0.4801565392039801,0.1392222523107699,0.09597465,0.8309767,0.4811224,0.2413586308316749,0.2293185569179301,0.00703567,0.8076208,0.12651739,0.7600189700978441,0.3288096657490237,0.023641715,0.9999751,0.98597646,0.432576529557214,0.248475835020825,0.029693417,0.921193,0.45136473,0.139951140296849,0.117968548339878,0.008032971,0.7195035,0.10535183,0.1166001618441127,0.0397106509036345,0.026709821,0.2680704,0.110218614,0.1121609218666666,0.1336434453060116,0.0017829969,0.7748318,0.05944624,0.0175588849789154,0.0535182752967015,9.135867e-06,0.5082845,0.0028108,0.1053448456146335,0.1955295495493741,6.327267e-05,0.96148294,0.011376301,0.2790679349432836,0.2869750112550868,0.0015800952,0.9822369,0.16491857,0.0017724336531857,0.0027089412789354,1.670619e-05,0.0396111,0.0010782984,0.1629495504268656,0.1900680649421104,0.000338977,0.9138914,0.08340161,0.3211454268982919,0.3255159974595372,0.00013905519,0.98052555,0.19916496,Shivaji,4
Shivaji,0.7888568167330017,0.0751783730505043,0.4009735,0.9122115,0.80459654,0.645522498092869,0.1172211678160629,0.1349878,0.8515089,0.6762604,0.12244286273466,0.0579705599656142,0.042002156,0.6819805,0.113556355,0.5066402376451078,0.0948924049745884,0.23039085,0.7521545,0.5257527,0.1114548999436152,0.0982667769471165,0.043392967,0.6615974,0.06783008,0.0132669983416252,0.114510833195153,0.0,1.0,0.0,0.1007832768043117,0.0553664673050253,0.06677048,0.5262791,0.084485635,0.0192200229490049,0.0684748163244785,1.764343e-05,0.7824456,0.0019723526,0.5953565505804311,0.4912304003370765,0.0,1.0,1.0,0.1227462297993366,0.1941239710569741,0.013470475,0.88274115,0.028521359,0.2382590498242122,0.1787212459465927,0.044927806,0.802519,0.15790224,0.3451419283897181,0.1802973039962588,0.05990137,0.87725806,0.28817856,0.407633835456053,0.0820027058697059,0.21835616,0.71729046,0.39234313,0.220563847429519,0.4149710959230991,0.0,1.0,0.0,0.3640760713266998,0.1552839648634505,0.13596846,0.89230907,0.31978282,0.167003905310116,0.1668307299426976,0.009929127,0.9034687,0.1097671,0.8523123823164178,0.2363364122299216,0.0025761018,0.9999279,0.95674354,0.2656807329784411,0.1599204210070572,0.040289693,0.7958085,0.2174992,0.1215045702925373,0.1492168398277018,0.006200026,0.980594,0.074802,0.134290005973466,0.0800208954650219,0.042041037,0.879084,0.1234425,0.0565774602125373,0.1276549139624907,0.00023556627,0.82011044,0.0069699273,0.0033552618040771,0.0132119799534041,1.7185204e-06,0.22416876,0.00012790215,0.0202035237485058,0.0797940924096404,1.7254992e-05,0.72314465,0.0006336617,0.117472376300116,0.2261995447821823,0.0003063042,0.9784733,0.003410394,0.0032952176197744,0.0167171339844724,5.324157e-05,0.29654947,0.0012368225,0.0533838109555738,0.1431201607111189,6.6606575e-05,0.96044594,0.0022264612,0.745712352484743,0.3732814489070181,0.0013267134,0.9984658,0.9834399,Shivaji,5
Shivaji,0.7738776639036545,0.0562066942185394,0.59601295,0.9103007,0.775710135,0.5856939033222591,0.0888113135347378,0.26204604,0.7998547,0.59696935,0.1506878414401993,0.0606319939488661,0.044996582,0.44940722,0.1363533499999999,0.5130229822093023,0.0920652762247635,0.26363602,0.6635824,0.53300193,0.0542742042890365,0.0063792529485353,0.043705028,0.09144615,0.05283683,0.0,0.0,0.0,0.0,0.0,0.0827462304867109,0.0098387789138042,0.06677048,0.165163,0.0817716175,0.0019804446766619,0.006319072911647,7.933058e-06,0.11974015,0.0005394225,0.2757475083056478,0.4472617997395489,0.0,1.0,0.0,0.0249968538039867,0.0040046337906205,0.014896753,0.04713711,0.024953965,0.0783200554501661,0.0311990961774568,0.03472453,0.24701269,0.070081805,0.2656011030481727,0.1369781828648665,0.040872075,0.81188846,0.229040365,0.3647007819269103,0.0311978153846396,0.27404508,0.4721946,0.360611525,0.0,0.0,0.0,0.0,0.0,0.2303725557624584,0.0862430250735077,0.09368752,0.57458574,0.209540865,0.0884243961345514,0.0380225778750251,0.03142775,0.26705235,0.07816134,0.9082901658637872,0.1039776785983579,0.04988423,0.998475,0.944532065,0.1655107945083056,0.0798843534388018,0.043100957,0.49671614,0.143574915,0.062161977211794,0.0386128384294562,0.004392174,0.27044907,0.051531805,0.1330792171378737,0.0430022569989658,0.053508174,0.5051266,0.127465725,0.0022434215317607,0.0024143833474087,8.25215e-05,0.020024478,0.00139749975,4.9341665492358805e-05,5.549383892978319e-05,2.1666458e-06,0.0006219756,3.1504872e-05,0.000559914196098,0.0010562698698398,1.1163009e-05,0.014431913,0.000238037665,0.0010118368427408,0.0007173983681968,9.38157e-05,0.0056909043,0.0007982495,0.0016571655650498,0.000912075532609,0.00029523313,0.0061113364,0.00143690775,0.0068385025022674,0.0219075939116099,7.623465e-05,0.25413966,0.001446668,0.9876398213122924,0.0230030618593323,0.7379498,0.9990024,0.992966115,Shivaji,6
Thomas,0.6985918325493421,0.0541525403635514,0.5226662,0.83935654,0.696953535,0.6208185263157895,0.0960410237029729,0.22787814,0.80242425,0.63430527,0.3630858017105263,0.1095293994706032,0.08109974,0.68826526,0.35561001,0.2972885927302631,0.0742917127944777,0.20106061,0.74204427,0.28822505,0.1018053035855263,0.0195757106154218,0.06250784,0.21698047,0.0983116149999999,0.0098684210526315,0.0989299377139499,0.0,1.0,0.0,0.1741988622039473,0.1051974261716828,0.082692206,0.5495091,0.12497583,0.0242758857500822,0.0531428833402497,0.00014827626,0.7177967,0.0085516155,0.7105263157894737,0.4538915233368868,0.0,1.0,1.0,0.0344455927796052,0.0256745177413075,0.009342822,0.23925403,0.0285071839999999,0.2064156634013157,0.0795935725316223,0.05472239,0.58931106,0.196960215,0.5103601997368421,0.1382601241531905,0.18680623,0.81463796,0.5124568,0.5391752002796053,0.0487979223859232,0.37432367,0.69077015,0.5419510000000001,0.0131578947368421,0.114044536244795,0.0,1.0,0.0,0.428842882055921,0.1004147726637141,0.19270466,0.7928792,0.42167865,0.4573697546365132,0.1418854910636765,0.022318661,0.8303919,0.455043745,0.2444107796233552,0.2553974609206208,0.00498049,0.9977059,0.141785575,0.1432396648618421,0.0887076096095097,0.03445884,0.779225,0.1235675,0.1340366715789474,0.0892758399487901,0.018471297,0.57284015,0.110402163,0.1673672497236842,0.1321957478053511,0.028897304,0.8329305,0.110944385,0.0409790903000822,0.0641671145679048,0.00073680136,0.6273859,0.016408559,0.0111327898286019,0.0244017703796694,0.00013426949,0.33825055,0.00346519145,0.0087772004510657,0.0141972603322104,4.89914e-05,0.12978508,0.0035168702999999,0.0033212417936266,0.0122171793333279,3.4268163e-05,0.17611028,0.000747009665,0.0688523125328947,0.0508230022259656,0.0031387554,0.4739493,0.058136467,0.060835941243125,0.137709715605925,0.0007963148,0.92260826,0.0180298735,0.8061014239440789,0.1981244100772778,0.009592703,0.99238867,0.87125272,Thomas,1
Thomas,0.6895596606250001,0.0723868176760944,0.31564847,0.88043237,0.6980262850000001,0.5656974328453948,0.1078695249461232,0.09938512,0.81279796,0.5831149,0.3405966605032895,0.1297884617045856,0.039560705,0.8349578,0.334088385,0.2795231350822368,0.0545648365565899,0.19964853,0.6875697,0.269196715,0.1273950256200657,0.0722694388679311,0.0680225,0.6258084,0.104279965,0.0838815789473684,0.2774383867473918,0.0,1.0,0.0,0.2375583077401315,0.1305636758353624,0.08478867,0.6277341,0.212462315,0.0457278273815542,0.107709741193872,6.65083e-05,0.7686953,0.0109623905,0.7976973684210527,0.4020474295538475,0.0,1.0,1.0,0.0616892423305921,0.0768236612379533,0.014797824,0.60348976,0.0331718865,0.2444086090542763,0.1353042693816698,0.057264425,0.7070033,0.197179685,0.5374774857894737,0.1278674068513589,0.16897924,0.8392841,0.5506531,0.5269188777631579,0.0606860627296729,0.31963938,0.79249775,0.5201447699999999,0.0888157894736842,0.2847119049341584,0.0,1.0,0.0,0.4486437639967104,0.1116164257009068,0.19065027,0.849324,0.43672323,0.4162692063026316,0.1419184309130162,0.02838182,0.899356,0.411198555,0.3180808591407895,0.2846912302235922,0.0050940756,0.9986394,0.20981778,0.1888324161792763,0.1365787611672747,0.033412248,0.8656201,0.146526665,0.1478804167516447,0.1089664430570619,0.016329931,0.801266,0.1213508399999999,0.2263446575115131,0.1589298304546477,0.035880804,0.9308495,0.20885747,0.0637899523981908,0.1162598755042556,0.0008425797,0.805903,0.016456349,0.0317798318778947,0.089813281736468,0.00017123023,0.8242093,0.0044014664999999,0.0187729076445394,0.0540195031563531,0.00010242603,0.48942092,0.0022836170499999,0.0339317362840657,0.0872695853971489,7.6118915e-05,0.57530063,0.0007407247499999,0.0654990044197368,0.0531999185337494,0.0062696324,0.44252083,0.0542373785,0.0563293544781249,0.1269303762145132,0.00031832067,0.89838046,0.0116792885,0.7298972121519737,0.3009869813982502,0.0046055494,0.98825175,0.873561265,Thomas,2
Thomas,0.6888919649013158,0.0661555621660665,0.38581187,0.8464896,0.69851182,0.4980949188486842,0.1106330942570986,0.1756141,0.8198119,0.49870567,0.3412387330888158,0.1337159917720868,0.06656872,0.78006893,0.332786095,0.2605488806907894,0.0473579606913565,0.20456627,0.63302404,0.2501249,0.3206193332006579,0.2063435157056161,0.056044128,0.77945286,0.215934495,0.5082236842105263,0.5003440028793952,0.0,1.0,1.0,0.3619633631381578,0.1525317367619441,0.09336068,0.7195429,0.3619074399999999,0.1593066608415789,0.2520030046468899,0.00043547153,0.98980755,0.034972174,0.7598684210526315,0.4275149244939266,0.0,1.0,1.0,0.2370782001282894,0.186828318964061,0.016727965,0.73160905,0.154099805,0.3577007587582236,0.1622856722136168,0.08116028,0.77518815,0.34930187,0.5354077957730263,0.1376135944617341,0.10320845,0.89208055,0.5345171849999999,0.4888257078453947,0.1215461428825333,0.1875088,0.81452477,0.5248532,0.4078947368421052,0.491848051942468,0.0,1.0,0.0,0.4245770002302631,0.1009442592985839,0.1738296,0.88257706,0.412550745,0.2140286444810855,0.1682273521515223,0.005101681,0.88237125,0.197271275,0.7313623478541118,0.3456384841326282,0.004246934,0.99996245,0.935343715,0.382399169125,0.2383501741064687,0.045862436,0.90577435,0.347218555,0.1112426690863487,0.1194883082388492,0.006487013,0.8625072,0.074344998,0.3578312278536184,0.1972694104537183,0.05444814,0.907054,0.291217225,0.0920548011207236,0.126501286747509,0.0014648165,0.7275464,0.0458833255,0.0964866515371217,0.1681522418947801,0.00048940204,0.8394865,0.021355442,0.0277172990068256,0.0630335731601169,0.00020290197,0.66069776,0.0141588505,0.229152807124671,0.2804220921301408,0.0009463155,0.9722198,0.099891685,0.0284695137336842,0.0492071424236347,0.00036635535,0.4600624,0.016376481,0.2666956971092105,0.2502482174013719,0.0022900882,0.8946917,0.170339955,0.2594232301037335,0.3211476839103154,0.00012212718,0.9660366,0.07646216,Thomas,3
Thomas,0.7058439059539473,0.0826435392324428,0.30673432,0.85775316,0.718902165,0.4843647511513158,0.0961967160011804,0.13515642,0.7590663,0.48758941,0.3805185562483552,0.1428792754321969,0.07868692,0.835263,0.3736016,0.2480865555427631,0.0376050302790999,0.20543946,0.5967955,0.23731285,0.3553865759358552,0.2093383642151004,0.08812678,0.79953176,0.27742529,0.5476973684210527,0.4981295761700332,0.0,1.0,1.0,0.4025098094243421,0.1251707952005548,0.12420781,0.7247208,0.4099196,0.1860171041729276,0.2215501004602862,0.00025912194,0.93379444,0.082992905,0.7450657894736842,0.4361830800878167,0.0,1.0,1.0,0.2582569205641447,0.1836769433165876,0.015923696,0.87819844,0.21312321,0.3927943116792763,0.1532688016959753,0.07807468,0.773765,0.40128512,0.5313759856743421,0.1359153138055306,0.11797714,0.8682796,0.5345987750000001,0.4690517707236842,0.1010809418497744,0.20369883,0.7699202,0.487151805,0.5180921052631579,0.5000839910379361,0.0,1.0,1.0,0.4281518068421053,0.0978929556536585,0.18774863,0.8447178,0.420988835,0.1701383922832237,0.1816702721231034,0.0074725947,0.88616836,0.080984268,0.8241120433490131,0.3051901815680332,0.0008775272,0.99985504,0.98089855,0.4443151191365131,0.223247010790211,0.036385935,0.91312337,0.460236865,0.1163432203297697,0.1236665763006718,0.010127003,0.86203027,0.075303587,0.4171099405756578,0.2045834092445602,0.05890048,0.90562207,0.34395425,0.1143925771981907,0.1330957262790201,0.0011251447,0.91453344,0.0655298749999999,0.1244639593947039,0.1809133072856765,0.000311915,0.93899673,0.0473051,0.0265904341012335,0.0459265524902362,0.00038866844,0.5141771,0.0146660905,0.2533188253722039,0.2715799297284569,0.0004039782,0.95943546,0.14776258,0.0312832336617927,0.0474272356398534,0.00038270792,0.43057582,0.0168062969999999,0.2998412362085526,0.2653654744564673,0.005763712,0.96275437,0.221272105,0.1501097345998519,0.2378898636859798,0.00014316398,0.94626904,0.026429202,Thomas,4
Thomas,0.681686926875,0.0654008979592519,0.42831853,0.85647273,0.6882984050000001,0.4448918207236843,0.0964044358924801,0.15722114,0.72829366,0.44785416,0.342030715462171,0.1146646222594535,0.071821176,0.778204,0.32806137,0.2506244620888158,0.0365680550172328,0.20659484,0.4128921,0.2356795549999999,0.2025740517023026,0.1627462187566405,0.06913009,0.79670423,0.1243298019999999,0.2467105263157894,0.4314517485065317,0.0,1.0,0.0,0.3237630626200658,0.1354064698286159,0.07823465,0.7144021,0.3505351399999999,0.099940685903273,0.188970081421472,0.0007440201,0.9909767,0.0243119625,0.819078947368421,0.3852697213280608,0.0,1.0,1.0,0.1225594761233552,0.1399441360836537,0.015712578,0.7103331,0.0534690625,0.2695363089013158,0.1305951047231663,0.059414413,0.68717796,0.2308721249999999,0.5647497059868422,0.1281923706658343,0.10906894,0.87569773,0.56624955,0.5024045514309211,0.088140493950855,0.19199152,0.7142355,0.51068282,0.1907894736842105,0.3932469933518663,0.0,1.0,0.0,0.4092074525164473,0.0993741097596049,0.1772358,0.7119096,0.403733715,0.3068422678085526,0.1657630671725468,0.0037961123,0.7948022,0.32484889,0.5117826984819079,0.3306771567617383,0.021373536,0.99996316,0.44092396,0.2557457453157895,0.2028069018435685,0.042411935,0.85803866,0.175432955,0.131242597196546,0.0893950395917067,0.008967371,0.51619965,0.1074317499999999,0.2481111340476973,0.1634484902502832,0.027471766,0.8977729,0.226217945,0.0356424925620394,0.0621378512980423,0.00045780372,0.6486276,0.0171820955,0.0731434720130921,0.1236504472259804,0.00017848001,0.9323916,0.027596619,0.010916153295648,0.0219493325997595,5.845933e-05,0.22870383,0.00365639495,0.106150575961694,0.2054894313818144,0.00025082956,0.9395286,0.0135104835,0.0540185972150279,0.0424397896863506,3.9516126e-05,0.3018626,0.0487814005,0.1236771278221052,0.2116968623557642,0.00066008314,0.9455655,0.028743351,0.5964515814943848,0.3642828865787089,7.208637e-05,0.98368156,0.76761425,Thomas,5
Thomas,0.687020908881579,0.0576758646247667,0.4776549,0.84133536,0.684196,0.5226445986019737,0.0995234186891377,0.2629064,0.7537263,0.51671344,0.3799097397532895,0.1050402679257906,0.10956878,0.7050521,0.3712727999999999,0.2845679296217105,0.0667391735540373,0.20907585,0.71394956,0.264563395,0.1142257535592105,0.0297662519758359,0.076719195,0.38888684,0.1028292849999999,0.0575657894736842,0.2331123046317162,0.0,1.0,0.0,0.2420674375986842,0.1225193753277486,0.08463378,0.495281,0.283923115,0.0397384668595394,0.0586912817446063,0.0003057868,0.5396808,0.0192573555,0.7894736842105263,0.4080181368092807,0.0,1.0,1.0,0.0455201764276315,0.0394713142281233,0.011763693,0.2782925,0.0318339314999999,0.2567008647631579,0.0892173416839197,0.07626328,0.5967286,0.238993265,0.5546070017927631,0.1218989955564716,0.22165069,0.8508756,0.5573922499999999,0.5262900363651316,0.0482527360147303,0.39786184,0.73776186,0.52700132,0.0,0.0,0.0,0.0,0.0,0.451931065,0.1141033838060849,0.18513778,0.8227952,0.44989555,0.4483429058009868,0.1393163744859935,0.03554631,0.80424976,0.44197918,0.2759847909819079,0.2284432932929379,0.006992993,0.99573886,0.20338712,0.16012721475,0.0841139017918457,0.02077741,0.7913199,0.14059573,0.1324305856003289,0.0835343834486418,0.015968403,0.7230499,0.11425107,0.1779911624769737,0.1060155274834615,0.03529158,0.75026596,0.176142095,0.0309443412988486,0.0402103668376851,0.0014297953,0.46384063,0.019313532,0.0261111489963486,0.043499396266453,0.00031601472,0.40530318,0.0083561595,0.0071791272129276,0.0155825650093748,0.00020051344,0.21459083,0.0032874052,0.0331186282180921,0.0852661110046143,0.00012683634,0.6377001,0.00162731765,0.0726315765958881,0.0416540227461518,0.0037800113,0.28707454,0.0643458829999999,0.055631958582319,0.1165436979608866,0.00058098865,0.8714603,0.0183203929999999,0.774383218534046,0.1937380966734818,0.0049553607,0.9753734,0.83717803,Thomas,6
Yuri,0.8357556908242613,0.0402272573587815,0.6343399,0.9173508,0.8418255,0.6754282021617418,0.0624309810762934,0.44747633,0.81663436,0.68519896,0.1051602935007776,0.0501735395701139,0.01944563,0.37030867,0.09732076,0.495736903919129,0.0982111744828715,0.22204876,0.66396886,0.5056306,0.1217493372488335,0.109090003700146,0.052344903,0.6853763,0.0787911,0.0171073094867807,0.1297722639536642,0.0,1.0,0.0,0.0909772927776049,0.0409657739957672,0.06965005,0.42568836,0.07859825,0.0101204520762892,0.0190126343277772,1.3376954e-05,0.17634752,0.0039635818,0.6376360808709176,0.4810573874660972,0.0,1.0,1.0,0.1172472577309486,0.1905101857488881,0.016846051,0.9075281,0.038123947,0.4738048682581648,0.1731806306737708,0.11910441,0.8985364,0.4437488,0.4734451457698289,0.1266750337481191,0.15423194,0.8294292,0.47394347,0.5675894269517885,0.0775237937207353,0.36020425,0.7832137,0.5609566,0.0513219284603421,0.2208253294057968,0.0,1.0,0.0,0.5574945188180405,0.1286465983952846,0.21920328,0.9057311,0.5592821,0.5114465893872473,0.1804657701205141,0.04685029,0.92275083,0.47162133,0.0684084469855365,0.1357500833428514,0.0002801482,0.9968021,0.022707617,0.1728357695723172,0.1150280668660501,0.02937635,0.79497397,0.13632786,0.3524534943592535,0.1993250524025735,0.02933603,0.9889403,0.30138478,0.0704681040388802,0.0809723532973103,0.028120926,0.8295167,0.05339182,0.0003203182967916,0.0007178498387728,2.2015949e-05,0.013094982,0.00014501045,0.0012246767070373,0.0025349027932449,0.000119934775,0.039210286,0.00057244906,0.0108727991419471,0.0616170408877084,6.224089e-05,0.8812125,0.00037429392,0.1470815638960264,0.3005130447294188,7.018363e-05,0.98119694,0.0010935789,0.0182124772125349,0.0223768127742661,0.00018934347,0.18982999,0.0111570535,0.0318856631074961,0.0979020511050839,7.9942445e-05,0.98113084,0.003570292,0.790402500559098,0.3383303646518967,0.003863928,0.9962288,0.9672287,Yuri,1
Yuri,0.8309083465264797,0.0388889200961684,0.4834391,0.9194839,0.8342003499999999,0.65611291288162,0.0727162129040606,0.25498953,0.90303606,0.6543020500000001,0.1275723410545171,0.0572031824009045,0.027180746,0.42016804,0.1161286904999999,0.5300416179750779,0.0873165055721909,0.22802496,0.65308475,0.561969815,0.0925377472305296,0.0738129865137146,0.051820192,0.65257496,0.07170249,0.0093457943925233,0.096295868448533,0.0,1.0,0.0,0.090653853800623,0.0377822728875147,0.06928143,0.41445082,0.08019438,0.0100803630191838,0.016015569973932,2.1785414e-05,0.16691154,0.0043308229,0.7866043613707165,0.4100241564889875,0.0,1.0,1.0,0.058632327571651,0.1060402174510395,0.016158875,0.80314505,0.028630776,0.3042818338442368,0.1402740781657512,0.06925673,0.8620352,0.2908039,0.4304050254922118,0.1365828469351045,0.11986375,0.83364683,0.411257,0.5480706257788163,0.0775628897664222,0.35798407,0.7492933,0.55655917,0.043613707165109,0.204393307953077,0.0,1.0,0.0,0.4641237379595015,0.1321287148846384,0.13072851,0.88684994,0.47300285,0.4398314161090342,0.16716338720406,0.05909049,0.91954964,0.43424257,0.0853549699756386,0.1946069692796067,0.00047572187,0.9759931,0.01473235675,0.1322719271121495,0.1095065657781594,0.029421123,0.7048165,0.0949615759999999,0.2854366845,0.1554587692972364,0.022120658,0.8333179,0.270744965,0.0669625404112149,0.0643693383669232,0.026154228,0.76787245,0.0532246065,0.00196847061257,0.0106077380995497,4.4405384e-05,0.15565631,0.00021187194,0.0438434309563769,0.1683989042717092,0.000118691714,0.99973625,0.0006516210199999,0.0029818736361813,0.0228247527171247,1.0879305e-06,0.36551136,0.0004007434,0.0359902627300319,0.1487463131368074,8.855013e-06,0.9653423,0.000433002525,0.036414687950399,0.0401121440310529,1.8402696e-06,0.40144372,0.0315637614999999,0.079727921525624,0.2033232533183585,3.3688202e-06,0.9712931,0.0016764658499999,0.799073353200229,0.3036823203658951,2.7380442e-05,0.99577326,0.941792545,Yuri,2
Yuri,0.6909021169470404,0.1814684876708924,0.24685305,0.9268662,0.750507925,0.5235778152009346,0.204802576011721,0.07828876,0.8648716,0.54204225,0.2963027448457944,0.2462180127096674,0.018719686,0.96080667,0.190457945,0.3636330066666666,0.1078254460186441,0.2122881,0.6569212,0.35276648,0.3879970429875389,0.2796140023424708,0.05847516,0.95205086,0.308095795,0.3426791277258567,0.4749753124388499,0.0,1.0,0.0,0.3331234284517134,0.2013851249272309,0.07294641,0.79632103,0.284809905,0.2667639526425607,0.3472659896153515,6.892457e-05,0.9995844,0.055078133,0.6666666666666666,0.4717720877246874,0.0,1.0,1.0,0.4132965759454828,0.3337382619341834,0.010909425,0.98248327,0.35290921,0.4689565630233644,0.20266048884308,0.091012545,0.9247532,0.47716717,0.4557310990950156,0.2002564244121696,0.040953744,0.903682,0.45467025,0.4838148227258567,0.1621575891173745,0.13417037,0.75985986,0.523838045,0.3894080996884735,0.4879962773794122,0.0,1.0,0.0,0.4931426245358256,0.190162870641979,0.063793644,0.8751565,0.49960945,0.4322620440007788,0.3042231033500307,0.0069076377,0.9273133,0.477813485,0.4830231264618847,0.4170855435136514,0.00045786813,0.9999896,0.3911928,0.33817975217757,0.2382740930058628,0.031962167,0.9497996,0.26989989,0.2775593731028037,0.2343155214285888,0.009334361,0.944812,0.195168925,0.3543892354018692,0.2933070032480846,0.036115345,0.9384587,0.227952745,0.0490680758310591,0.0967361969022522,8.898773e-05,0.7313924,0.00579009645,0.3007481492900363,0.3903006566655522,5.7931475e-06,0.99959487,0.051838696,0.1102421925692043,0.2050178451266775,2.1651015e-06,0.9979559,0.0191945345,0.1339180436551433,0.2638430007637159,2.2687296e-05,0.9961241,0.0120047414999999,0.1197058034196347,0.221049683375265,8.484709e-06,0.9105472,0.00340145385,0.2190017270864193,0.3314506298962976,2.8951047e-06,0.9894512,0.019675121,0.0673160070471806,0.1468275414531977,3.4676374e-05,0.9736434,0.0101254739999999,Yuri,3
Yuri,0.7139343088335925,0.1568662483312622,0.23944497,0.9311601,0.75983596,0.4318361700015552,0.1841533151400569,0.07752241,0.8909433,0.39890066,0.3466787739502333,0.2362957191409519,0.01460853,0.9652214,0.29201546,0.3266799588180404,0.0935265247087945,0.21091942,0.63043356,0.29146865,0.5348822948227061,0.2621988631963661,0.06107693,0.9519018,0.5202607,0.5692068429237948,0.4955727601232277,0.0,1.0,1.0,0.3691939351275272,0.1677989719275421,0.073226444,0.84658635,0.35306206,0.3771984996472162,0.3623840667666372,0.00012700488,0.99938405,0.25883922,0.7433903576982893,0.437102127084617,0.0,1.0,1.0,0.5399203388444791,0.317136510130393,0.018386519,0.9883974,0.5143311,0.4467889911835147,0.203398414619519,0.045965705,0.82675004,0.4470524,0.4272922872317262,0.1926156915234285,0.021247452,0.9144743,0.42437324,0.4033903471695179,0.1579775566255827,0.11371561,0.7916809,0.36922294,0.6625194401244168,0.473218447029521,0.0,1.0,1.0,0.4352733405427683,0.19352239453,0.058400095,0.86253613,0.42139304,0.2326469350419906,0.2787509251368819,0.0046931575,0.9197295,0.049332023,0.7214824923671851,0.4029873986150341,0.00045181057,0.9999894,0.99392855,0.4878321560606531,0.2467109774271712,0.03634923,0.9487964,0.5021564,0.1902805884850699,0.2258396950654176,0.004993101,0.9722688,0.095265366,0.4474233083685848,0.275498663617877,0.04270161,0.9554396,0.4426983,0.0790557230730746,0.1570452123167219,3.645485e-05,0.9859307,0.011536113,0.2637369252530187,0.3729427337454098,1.6490247e-05,0.999283,0.026820494,0.1719515377813146,0.2864926735365756,5.198397e-06,0.9996202,0.02241979,0.1702432970571353,0.2994196219487914,8.329158e-06,0.9966813,0.0140356915,0.1137142687463421,0.2491546925370146,2.0041582e-05,0.96942925,0.0040488364,0.1748901509399362,0.3236185379719085,3.3113022e-06,0.99419034,0.009045748,0.0264080941921446,0.0837576017340592,1.4487704e-05,0.9755676,0.001857002,Yuri,4
Yuri,0.7926575592511701,0.1066157805258184,0.26663375,0.92133176,0.82586825,0.5823922034711388,0.1629537343820305,0.118319705,0.8696666,0.5659766,0.232742563399376,0.199709700235612,0.014592421,0.92359215,0.14943749,0.3762107869110764,0.0863100440545582,0.21925223,0.63896954,0.3911466,0.3503113795351014,0.2538100186742432,0.056564827,0.94833714,0.25689375,0.2121684867394696,0.4091627995894331,0.0,1.0,0.0,0.2641619447613104,0.1319876975878596,0.07727832,0.6959255,0.23490821,0.1997328580073385,0.3048228703423943,1.5389951e-05,0.997018,0.03342404,0.750390015600624,0.433125275065028,0.0,1.0,1.0,0.3680576685951638,0.3182039439817768,0.010926393,0.9894504,0.25245133,0.4444348017176287,0.1604276079489641,0.065966934,0.80461705,0.448638,0.4510556384290171,0.2389139142261999,0.032165818,0.9349157,0.43358862,0.464063589374415,0.1698303721291929,0.10040208,0.7728577,0.5058163,0.3697347893915756,0.4831098071902825,0.0,1.0,0.0,0.4913458457145086,0.1807395255725143,0.07027762,0.8768091,0.5042823,0.398104481350234,0.2689617017125227,0.0050924323,0.9262444,0.43198538,0.4718167853917894,0.414688430327104,1.5751317e-05,0.99998176,0.38274932,0.3247692648361934,0.2444235525573564,0.015155141,0.9131619,0.2286081,0.2161767120460218,0.2145183342003866,0.008701556,0.9594226,0.13135152,0.2472442853634945,0.2314095978974469,0.018581528,0.9535267,0.13856778,0.0793379975791934,0.1868904131260548,1.717473e-05,0.81564975,0.0028501265,0.0946756686276193,0.1989523460018851,1.1322244e-05,0.9870728,0.007024243,0.0875222958723245,0.1894288069665445,0.0001353107,0.9859531,0.0059301746,0.2345584292384555,0.35273663671244,0.00034008457,0.9973515,0.020956874,0.1192001894375382,0.1978500747751867,1.788344e-05,0.97299135,0.009169033,0.2518463669107644,0.3697768502702974,3.2106007e-05,0.99685043,0.018028112,0.1328590519442761,0.2294936635852189,1.5392894e-05,0.9119432,0.019770823,Yuri,5
Yuri,0.8512907571495327,0.0470637073915709,0.47170752,0.9158001,0.86501588,0.5492094595482866,0.1188395945627953,0.29734695,0.8429831,0.5235474,0.0868515960638629,0.0431630176581285,0.022924991,0.36928815,0.077320675,0.4095016301713395,0.0727663182799574,0.21844359,0.65021753,0.39582126,0.1685797501869158,0.1801082930111623,0.06374504,0.9075994,0.10660235,0.0529595015576324,0.2241272793724083,0.0,1.0,0.0,0.1274589461760124,0.0822484095865345,0.06893103,0.5687486,0.09821138,0.0364475578821806,0.0974371971057985,0.0001358704,0.9052089,0.0074702003,0.940809968847352,0.2361640232785396,0.0,1.0,1.0,0.194824285588785,0.2214248885507191,0.024820311,0.9617625,0.11099503,0.3428187179610591,0.123158207005403,0.108109936,0.7378977,0.320368365,0.5917841078598131,0.154089751604593,0.097965606,0.8992107,0.61415173,0.5756544636448598,0.0940595050474783,0.16869183,0.72788066,0.6067160149999999,0.0747663551401869,0.2632190469889494,0.0,1.0,0.0,0.5361815325623053,0.1260273514979817,0.08629973,0.83391726,0.5543892500000001,0.4612387336713395,0.2095753323938491,0.010951309,0.78795934,0.532193225,0.1993313380564797,0.3561120057892432,0.00015628547,0.9999683,0.00682232415,0.1428577668707165,0.1192165190511419,0.025700677,0.7890314,0.10277722,0.3693761454797508,0.1914182122854731,0.015665965,0.87457985,0.37455927,0.1344248672570093,0.0928916402694899,0.037111215,0.8885114,0.1187422049999999,0.0024663261469003,0.0058855895835627,0.0001385017,0.080832064,0.000726201215,0.1528478797201402,0.2692491241255155,0.00033908157,0.94663286,0.008468475,0.0062428766980218,0.0165211207490764,0.00010418047,0.12044126,0.00113379095,0.1509181810847352,0.2170141142529439,0.0021485137,0.9860848,0.0516579675,0.0144735083216978,0.0105252051042553,0.00042438487,0.09381659,0.0118497174999999,0.0609676254481775,0.1526289305473356,0.00014784056,0.8821091,0.005264484,0.6120836038961059,0.3210106388432283,0.0026195364,0.97925675,0.7274125,Yuri,6
